income,credit_score,employment_length,debt_to_income,loan_amount,approved
70.7,666,4.6,0.384,72.3,0
85.0,658,4.1,0.314,93.9,1
94.7,688,2.0,0.178,94.8,1
76.2,671,7.1,0.126,61.3,1
101.2,660,6.5,0.33,126.9,0
92.0,558,0,0.227,25.1,0
94.9,582,8.4,0.18,74.8,0
78.4,745,7.6,0.342,119.0,1
56.2,622,3.1,0.36,65.0,1
50.4,592,8.1,0.471,110.3,0
117.8,672,0,0.236,137.2,0
76.0,700,3.7,0.387,114.8,1
93.6,631,2.8,0.2,137.1,0
72.9,739,2.1,0.265,5,0
58.0,713,9.8,0.298,95.7,1
107.5,751,6.1,0.179,134.2,1
111.8,677,12.8,0.257,175.6,1
59.5,589,4.4,0.471,129.0,0
20,736,7.2,0.234,42.4,0
126.7,595,3.3,0.463,53.2,0
77.9,580,5.9,0.155,133.1,0
143.5,702,10.5,0.144,72.7,1
127.4,545,9.0,0.371,172.0,0
76.6,638,0,0.323,68.5,1
56.7,705,0,0.253,95.7,1
118.4,676,0.5,0.355,111.0,0
54.0,770,5.4,0.384,156.4,0
83.6,850,6.0,0.264,86.7,1
78.6,721,9.8,0.238,5,1
81.9,631,8.5,0.373,20.3,0
69.1,561,6.8,0.295,35.3,0
89.6,633,6.6,0.422,37.2,0
75.1,850,0,0.383,61.6,1
132.0,679,14.0,0.247,101.0,1
54.3,684,3.9,0.324,5,1
70.0,819,1.0,0.335,269.9,0
30.1,636,6.9,0.383,157.4,0
26.9,645,10.0,0.356,5,0
116.9,850,7.2,0.337,5.6,1
76.4,720,7.3,0.243,10.9,0
40.3,731,0,0.26,107.0,0
77.1,760,3.4,0.211,39.5,1
104.8,718,18.3,0.296,117.2,1
68.3,850,11.0,0.132,56.0,1
98.5,572,0,0.071,75.7,0
85.4,618,0.1,0.057,99.8,1
104.8,743,4.2,0.462,71.8,0
59.4,633,0,0.319,95.0,0
53.6,709,11.9,0.305,49.5,0
72.9,578,4.5,0.307,190.7,0
106.0,622,7.7,0.163,98.7,1
52.0,839,7.3,0.072,113.2,1
75.0,717,6.6,0.055,10.5,1
114.0,832,12.2,0.053,126.2,1
123.4,700,0.4,0.541,118.6,0
83.8,621,5.4,0.244,162.4,0
84.5,825,1.7,0.325,92.1,1
94.4,687,1.2,0.511,127.5,0
55.9,617,9.9,0.282,107.6,0
93.5,670,8.1,0.278,129.8,1
71.5,611,1.2,0.211,20.9,0
73.6,805,14.1,0.303,5,1
72.7,560,4.0,0.334,52.4,0
52.2,822,4.4,0.2,57.6,1
54.5,718,7.9,0.39,164.0,0
109.0,616,3.4,0.444,129.3,0
39.3,724,2.5,0.189,41.1,1
20,708,5.7,0.23,142.2,0
56.8,626,7.8,0.118,60.0,0
77.1,696,5.1,0.436,93.7,0
38.7,737,7.1,0.474,35.2,0
73.2,672,5.0,0.094,129.5,1
108.9,850,3.7,0.296,80.6,1
23.1,718,0,0.02,5,0
107.1,610,4.1,0.16,116.7,0
114.5,600,1.9,0.315,81.5,1
78.6,583,2.8,0.231,123.5,0
71.4,749,2.9,0.284,90.8,1
72.0,651,0.8,0.382,44.7,0
20,763,0,0.207,143.5,0
72.6,685,1.0,0.461,169.9,0
31.5,744,0,0.253,87.8,0
68.3,687,1.9,0.455,50.3,0
59.7,688,4.3,0.281,19.2,1
117.4,699,7.9,0.401,135.7,1
81.4,749,5.3,0.183,81.4,0
74.8,713,9.9,0.318,135.7,1
44.3,567,1.1,0.136,118.0,0
92.1,685,9.2,0.427,41.3,0
59.0,550,7.7,0.443,79.6,0
107.7,492,5.7,0.317,45.7,0
104.1,659,4.7,0.253,49.3,0
116.4,762,8.2,0.169,204.9,1
80.6,607,1.5,0.35,25.2,0
107.7,559,13.0,0.488,5.8,0
66.5,597,3.9,0.02,66.3,1
41.5,658,0,0.377,66.5,0
81.2,650,7.2,0.239,5,1
69.8,693,6.5,0.239,105.3,1
41.8,818,4.0,0.208,225.6,0
116.1,745,0,0.314,48.5,0
21.8,688,7.4,0.347,61.7,0
45.4,635,0.9,0.276,78.6,0
68.0,619,5.0,0.361,90.7,0
25.4,649,6.1,0.377,5,0
111.2,665,4.6,0.354,94.8,1
77.2,692,1.9,0.28,155.2,0
69.9,640,8.1,0.197,134.6,0
43.3,696,5.5,0.336,143.8,0
88.3,607,10.0,0.376,112.2,0
51.4,653,7.0,0.298,87.4,0
80.4,624,0.7,0.281,5,0
100.6,675,1.0,0.187,70.9,0
80.4,733,3.8,0.241,90.9,1
107.8,681,2.2,0.245,90.9,1
65.4,595,1.5,0.048,99.8,0
38.0,521,0.5,0.368,5,0
80.3,652,6.7,0.389,79.5,0
71.3,720,2.7,0.128,146.2,1
62.7,681,9.1,0.332,60.0,1
139.4,791,7.7,0.165,300,1
63.8,624,11.5,0.35,5,0
91.4,654,0.1,0.213,53.8,0
59.4,738,1.2,0.092,35.6,1
57.8,850,7.0,0.16,29.9,1
39.7,850,1.0,0.382,167.6,0
45.1,658,6.4,0.405,83.4,0
76.3,626,0,0.216,5,0
133.3,828,2.7,0.244,121.3,1
62.4,668,13.8,0.287,50.9,1
92.4,598,4.0,0.16,63.3,1
97.3,672,1.3,0.263,143.0,0
118.5,570,3.8,0.509,5,0
20,672,4.3,0.399,5,0
58.0,682,1.4,0.273,8.8,0
49.6,699,7.3,0.472,40.6,0
76.4,656,4.8,0.113,102.3,0
46.3,552,9.6,0.283,149.0,0
23.9,593,8.0,0.208,14.6,0
69.7,599,3.7,0.243,5,0
50.7,784,0.4,0.11,151.3,0
55.9,727,3.7,0.101,91.3,1
113.5,727,17.1,0.102,78.7,1
109.6,745,8.0,0.207,35.3,0
126.3,720,4.0,0.412,125.1,1
26.3,622,5.8,0.343,137.4,0
78.8,850,7.8,0.404,78.8,1
129.1,688,9.9,0.195,115.4,1
52.4,767,2.3,0.203,79.9,1
84.3,754,2.1,0.309,9.4,0
100.1,676,10.8,0.276,68.1,1
55.5,558,10.2,0.35,5,0
62.9,819,2.1,0.23,25.4,1
54.0,565,0.9,0.107,5,0
59.4,625,0.1,0.357,77.1,0
61.1,807,6.0,0.357,5,0
20,645,6.5,0.219,111.1,0
92.3,555,4.0,0.35,112.2,0
133.2,646,3.2,0.02,186.1,1
39.7,785,9.9,0.313,5,1
56.4,586,9.2,0.044,114.0,1
136.5,706,0,0.2,83.9,1
104.4,523,3.7,0.416,172.6,0
63.3,767,11.8,0.444,123.4,1
51.3,564,8.9,0.258,78.3,0
63.2,698,0.9,0.308,94.8,0
52.7,742,12.5,0.228,154.1,1
20,619,2.5,0.394,91.3,0
94.1,608,2.0,0.153,69.8,0
80.1,621,8.6,0.41,172.8,0
80.6,733,7.4,0.222,157.4,1
134.3,682,6.3,0.35,79.8,1
71.4,664,12.0,0.32,84.0,1
79.5,703,4.7,0.154,78.1,0
81.3,585,8.7,0.39,96.8,0
87.5,522,0.6,0.282,100.7,0
44.9,690,3.2,0.172,99.8,0
110.9,733,7.9,0.339,29.3,0
30.9,850,0.7,0.275,58.4,1
57.5,530,1.0,0.133,72.4,0
54.4,697,2.7,0.412,56.8,0
35.2,732,3.4,0.349,99.8,0
81.5,649,10.4,0.412,108.9,0
42.0,626,4.0,0.354,26.2,0
75.1,518,3.1,0.02,34.9,0
56.7,653,3.4,0.229,170.1,0
40.7,780,0,0.202,171.5,0
92.2,579,4.4,0.278,181.8,0
72.9,730,4.0,0.201,76.4,1
101.5,604,3.2,0.339,70.0,0
74.5,624,1.8,0.353,14.3,0
81.5,577,6.1,0.32,125.7,0
64.0,623,2.6,0.182,35.2,0
75.5,640,2.0,0.342,49.9,0
70.4,658,0.7,0.399,130.8,0
78.9,722,4.9,0.407,179.4,0
88.2,749,3.6,0.165,134.4,0
128.7,749,5.8,0.306,185.1,1
40.2,632,4.0,0.179,89.2,0
50.6,808,0,0.147,102.6,1
87.5,630,0.9,0.223,39.0,0
60.6,740,7.4,0.425,134.0,0
98.1,638,4.0,0.08,97.5,1
87.0,722,0,0.178,59.0,1
80.0,587,5.2,0.097,5,1
35.8,635,0,0.131,56.1,0
104.5,715,4.0,0.391,147.0,1
62.8,761,12.1,0.379,186.2,0
100.5,592,0.5,0.294,5,0
101.0,626,7.1,0.138,50.4,1
81.3,703,11.8,0.456,27.4,1
56.5,678,5.1,0.429,12.2,0
90.7,744,4.2,0.42,37.3,1
85.6,567,6.6,0.322,58.7,0
67.8,564,11.8,0.165,40.3,1
92.6,737,11.1,0.263,17.2,1
98.9,653,0,0.449,114.6,0
98.4,564,3.1,0.165,41.7,0
56.6,737,6.2,0.375,145.5,0
77.4,723,11.8,0.408,162.9,1
106.7,537,8.5,0.326,83.3,0
62.2,713,8.4,0.12,93.1,1
46.5,711,3.7,0.221,33.9,1
74.7,592,1.6,0.278,104.3,0
89.6,614,15.9,0.187,32.6,1
47.9,746,12.2,0.253,90.4,1
75.0,794,8.6,0.191,172.8,1
89.6,627,5.3,0.205,108.1,0
20,754,5.8,0.429,71.8,0
108.5,711,6.2,0.6,69.9,0
127.0,615,0.8,0.128,112.0,1
97.2,571,9.0,0.444,74.2,0
95.3,709,7.6,0.17,69.5,1
93.9,722,4.6,0.336,5,1
61.0,690,9.5,0.209,151.8,0
75.8,724,0,0.371,83.7,1
68.5,650,6.5,0.293,9.6,0
113.0,672,1.5,0.386,5,0
74.9,694,5.9,0.193,71.0,0
81.6,550,4.4,0.331,5,0
98.6,803,0,0.341,5.8,0
122.9,733,1.8,0.326,118.5,1
142.4,728,0,0.265,35.8,1
75.4,627,0.7,0.464,115.8,0
95.4,734,10.1,0.173,126.8,1
109.7,664,0,0.304,5,0
73.3,647,0,0.166,29.3,0
113.7,736,3.1,0.453,5,1
69.7,698,7.6,0.218,128.1,1
147.4,655,10.1,0.378,9.6,1
43.2,501,8.4,0.428,83.1,0
122.5,736,2.4,0.388,5.4,0
43.5,503,0.3,0.447,14.1,0
40.2,749,5.0,0.359,73.7,0
45.8,746,4.8,0.393,5,1
60.2,850,3.0,0.303,119.6,1
101.2,628,10.2,0.395,109.7,0
68.7,703,0,0.234,136.3,0
113.4,629,6.3,0.162,109.1,1
109.1,788,10.0,0.325,6.4,1
35.9,644,7.9,0.353,175.6,0
24.3,657,5.7,0.258,164.7,0
31.9,717,0.4,0.504,96.2,0
107.4,850,0,0.408,109.0,1
85.3,719,2.2,0.469,5,1
120.8,585,5.0,0.47,50.5,0
62.9,773,2.6,0.299,112.4,1
49.0,572,0,0.158,5,0
84.0,684,1.7,0.178,20.4,0
37.9,737,0,0.302,42.9,1
21.1,695,3.7,0.207,98.9,0
42.9,714,6.6,0.457,43.4,0
69.1,521,7.1,0.29,27.1,0
60.9,761,4.7,0.39,120.8,1
44.0,753,5.1,0.54,108.7,0
52.1,647,5.4,0.16,9.8,0
72.7,696,9.5,0.252,120.9,1
69.2,700,0,0.308,41.7,0
20,644,0,0.404,65.6,0
54.8,740,2.6,0.266,57.8,0
24.0,676,2.8,0.6,67.2,0
104.7,667,6.0,0.195,173.3,0
86.3,770,3.8,0.3,115.2,1
42.3,694,1.2,0.211,41.1,1
122.9,850,4.8,0.199,21.8,1
28.8,654,2.7,0.51,19.2,0
114.4,666,6.9,0.115,74.7,1
20,713,6.4,0.097,5,0
59.1,655,1.2,0.179,98.4,0
71.8,661,6.8,0.281,131.7,0
101.7,779,0,0.411,187.0,0
74.0,651,6.8,0.362,39.8,1
49.3,668,9.1,0.534,49.2,0
81.6,553,1.2,0.155,49.8,0
75.8,782,6.7,0.6,65.4,0
87.4,800,3.5,0.401,177.7,0
72.8,720,3.3,0.195,190.0,0
127.0,639,4.2,0.396,67.6,0
53.4,701,2.3,0.311,5,0
69.6,638,1.0,0.194,84.2,1
33.0,657,8.9,0.34,74.4,0
75.4,671,0,0.214,5,1
99.7,616,8.2,0.594,42.6,0
85.9,661,0.6,0.233,56.3,0
90.9,654,6.8,0.25,259.9,0
47.0,736,14.4,0.181,189.8,0
113.8,686,13.9,0.514,41.1,1
41.3,654,12.2,0.212,41.5,0
88.6,710,2.0,0.324,118.2,1
84.8,579,5.1,0.226,159.1,0
91.8,594,10.1,0.393,93.2,0
64.9,734,4.8,0.388,83.5,0
59.6,801,10.8,0.313,72.4,1
93.9,726,1.1,0.379,154.0,0
69.4,717,7.9,0.25,48.3,0
86.6,714,4.9,0.136,14.6,1
38.4,698,3.6,0.228,81.6,1
83.7,656,0,0.361,148.2,0
110.0,718,0,0.295,111.5,1
60.2,674,6.5,0.453,140.3,0
86.9,597,0.6,0.289,142.5,0
91.8,559,0,0.434,77.9,0
101.5,700,16.8,0.45,100.8,0
82.0,671,0,0.411,96.5,0
55.9,613,8.9,0.295,169.2,0
42.7,765,2.4,0.173,48.4,0
91.2,769,0,0.265,80.9,1
100.0,689,2.7,0.167,5,1
75.4,753,3.5,0.579,75.4,0
86.4,602,5.8,0.052,120.6,1
81.3,692,0,0.192,174.0,1
57.1,713,6.6,0.535,146.6,0
61.5,822,4.6,0.196,6.8,1
64.1,741,8.7,0.438,89.2,1
142.8,752,11.4,0.119,35.5,1
20,685,10.6,0.236,91.7,0
60.2,702,0.2,0.441,5,0
60.3,799,8.0,0.05,5,1
59.9,664,5.1,0.381,5,0
82.6,651,4.6,0.223,69.6,1
26.3,581,7.6,0.488,67.7,0
20,700,0,0.561,220.5,0
89.6,670,9.6,0.3,83.8,1
93.8,850,0,0.233,25.8,1
60.2,728,0.3,0.289,217.8,0
20,709,8.3,0.241,13.9,1
78.0,724,4.4,0.58,25.2,0
90.4,738,0,0.456,5,0
65.8,623,9.5,0.02,36.2,0
101.2,804,8.1,0.467,5,1
33.5,650,6.0,0.311,162.5,0
49.9,561,0,0.421,90.9,0
110.6,685,1.1,0.419,38.5,0
40.5,689,10.1,0.306,153.5,0
62.2,850,12.3,0.324,30.1,1
87.0,659,6.9,0.339,106.2,1
84.4,622,1.9,0.37,15.7,0
96.4,676,1.9,0.087,12.6,0
75.8,644,1.3,0.405,87.8,0
91.7,762,0,0.385,5,0
105.4,735,7.7,0.322,164.8,0
65.8,683,13.1,0.423,142.3,0
142.5,717,1.0,0.581,5,0
68.0,601,7.1,0.333,86.8,1
26.0,789,1.7,0.475,194.3,0
69.3,586,6.3,0.294,5,0
47.3,795,8.9,0.266,82.2,1
61.3,850,1.3,0.307,139.5,1
56.1,573,9.8,0.385,108.2,0
90.1,702,3.6,0.135,76.6,1
77.4,685,3.6,0.406,76.0,0
87.6,760,1.1,0.259,135.3,1
108.8,739,3.2,0.406,64.6,1
130.6,767,14.2,0.114,47.1,1
63.0,709,3.5,0.433,139.1,0
44.6,723,7.7,0.342,81.8,1
58.5,650,7.7,0.364,131.2,0
35.6,580,3.3,0.395,127.5,0
91.0,673,0.8,0.563,95.8,0
152.0,633,3.4,0.479,5,0
76.4,757,6.6,0.19,138.3,1
43.5,624,2.9,0.162,143.9,0
66.7,596,3.4,0.478,124.9,0
45.3,730,3.0,0.234,28.4,0
77.9,649,9.6,0.292,22.1,1
115.4,621,0,0.243,5,1
33.4,653,10.9,0.405,49.2,0
69.6,660,11.0,0.281,5,1
106.1,661,8.1,0.306,7.6,0
40.7,629,1.2,0.34,91.2,0
47.4,679,6.9,0.309,5,1
128.2,806,7.2,0.381,40.7,1
41.1,689,0,0.37,58.7,0
80.5,643,8.4,0.159,64.1,0
97.3,673,6.1,0.363,5,0
78.5,760,7.3,0.457,66.7,0
60.0,645,1.7,0.235,68.6,0
75.8,534,6.7,0.321,106.8,0
59.8,758,4.4,0.538,5,0
41.2,617,1.8,0.242,127.0,0
93.3,564,3.4,0.458,107.7,0
93.9,726,7.5,0.468,17.7,0
94.1,739,7.2,0.457,49.9,0
113.2,679,2.8,0.304,54.1,1
101.7,704,7.2,0.304,141.6,0
40.0,676,3.3,0.186,117.2,0
81.5,689,5.2,0.2,68.4,1
91.3,757,4.7,0.096,52.0,1
114.0,770,6.7,0.197,87.7,1
67.7,581,6.9,0.296,128.3,0
41.2,850,1.5,0.335,106.3,0
126.8,674,5.6,0.518,32.5,0
64.6,570,6.1,0.357,91.0,0
101.0,707,4.0,0.446,38.2,1
69.2,741,12.3,0.028,68.5,1
126.2,647,15.9,0.117,101.0,1
90.2,634,3.2,0.081,86.5,0
35.7,686,4.5,0.423,5,0
84.7,655,1.8,0.291,133.0,0
100.4,658,11.9,0.303,69.5,0
32.2,710,4.1,0.334,38.9,0
56.3,703,4.1,0.524,38.7,0
43.4,642,1.6,0.451,106.2,0
82.0,593,10.6,0.467,77.9,0
94.5,665,4.2,0.241,59.2,0
96.9,653,3.3,0.225,5,1
90.3,749,2.9,0.475,88.7,1
74.6,676,2.9,0.309,93.5,1
121.2,687,9.9,0.02,51.8,1
101.6,713,4.8,0.245,32.0,1
108.7,784,5.0,0.236,113.3,1
71.2,678,2.5,0.195,65.5,0
92.9,747,1.9,0.081,103.6,1
75.6,573,0,0.505,67.0,0
72.9,713,0,0.247,5,0
53.7,535,3.2,0.215,8.8,0
74.7,613,13.0,0.386,147.3,0
101.8,741,0.9,0.218,254.9,0
89.6,662,8.3,0.181,19.7,1
81.0,481,5.1,0.278,122.6,0
85.3,686,6.2,0.162,31.1,0
34.8,743,9.3,0.374,43.9,0
61.8,769,7.1,0.509,21.8,0
37.2,566,4.4,0.26,49.2,0
80.9,657,8.7,0.366,5,0
57.0,802,4.9,0.24,55.6,0
113.2,849,0,0.27,73.4,1
111.5,779,4.0,0.549,82.0,0
83.4,620,10.8,0.374,58.7,0
47.8,701,0,0.3,49.0,0
106.3,742,4.5,0.215,62.0,1
89.6,634,1.1,0.321,161.5,1
98.8,600,10.6,0.199,33.8,1
33.6,744,4.8,0.348,30.6,1
90.4,650,8.8,0.02,101.7,1
51.2,694,7.0,0.212,72.8,0
86.8,778,3.1,0.458,5,0
23.4,685,7.9,0.543,83.0,0
105.8,683,5.4,0.41,145.6,0
76.5,678,0.7,0.105,76.0,0
53.3,669,3.6,0.302,174.6,0
131.4,779,8.9,0.213,62.4,1
87.5,674,6.8,0.336,90.1,0
45.8,644,7.9,0.28,76.4,0
89.6,562,4.7,0.195,76.7,0
90.3,813,3.0,0.265,114.4,1
44.1,734,7.7,0.282,63.1,1
87.8,712,2.1,0.093,74.4,1
88.7,618,7.5,0.349,35.6,0
64.7,624,6.0,0.298,25.7,0
74.7,619,0,0.351,85.9,0
116.3,480,10.1,0.464,21.2,0
50.6,596,4.6,0.519,101.7,0
101.6,630,11.0,0.488,105.8,0
107.2,703,7.6,0.436,106.2,0
119.7,702,6.3,0.374,98.7,1
80.9,665,2.8,0.239,62.7,1
64.9,671,4.6,0.364,118.9,1
33.2,661,7.3,0.098,184.5,0
51.2,757,0,0.325,20.5,0
86.2,743,6.6,0.55,83.7,0
111.8,674,6.7,0.02,107.2,1
62.0,627,8.6,0.055,268.9,0
86.1,832,6.1,0.193,141.6,1
93.0,775,7.1,0.126,92.3,1
52.7,495,0.3,0.24,147.5,0
100.7,616,3.3,0.43,116.8,0
82.1,775,13.9,0.301,89.5,1
61.1,504,7.0,0.212,159.0,0
119.9,611,9.5,0.104,136.3,1
103.1,651,7.7,0.36,103.0,0
125.4,635,10.6,0.258,152.4,1
51.1,507,5.7,0.217,48.4,0
59.0,794,9.5,0.439,218.7,0
20,841,6.0,0.293,5,0
95.8,668,0,0.187,142.9,1
81.4,850,9.1,0.517,160.0,1
34.8,551,2.0,0.331,80.1,0
74.4,718,9.0,0.301,62.7,0
101.2,618,1.4,0.404,135.1,0
103.6,592,4.1,0.234,183.8,1
67.7,747,6.5,0.286,108.0,1
70.7,579,6.4,0.268,11.3,0
67.5,682,7.2,0.275,107.0,0
91.4,712,7.3,0.472,63.0,0
72.7,744,5.1,0.338,5,0
91.2,742,2.0,0.344,37.3,0
77.1,697,6.6,0.388,180.6,0
64.2,755,0,0.312,143.2,1
99.8,832,2.0,0.395,74.4,1
78.5,742,11.2,0.376,67.4,0
54.2,763,10.2,0.271,5,1
88.0,604,0,0.247,5,0
63.0,684,10.2,0.191,5,1
89.1,565,3.5,0.258,81.7,0
154.9,659,5.7,0.242,5,1
20,788,0,0.137,73.5,0
84.6,664,1.9,0.378,57.8,0
20,722,6.3,0.137,18.0,1
60.4,703,0,0.194,206.8,0
62.2,665,3.9,0.445,45.7,0
49.3,741,4.1,0.279,74.7,1
39.2,602,13.1,0.361,58.3,0
73.2,499,5.6,0.285,100.9,0
68.4,771,4.4,0.249,101.9,1
107.0,666,6.5,0.216,5.1,1
82.9,730,7.9,0.124,87.2,0
90.6,593,6.9,0.387,47.6,0
111.7,547,7.6,0.314,136.9,0
75.1,768,10.4,0.208,63.2,1
32.4,676,5.7,0.321,23.9,0
101.7,825,1.8,0.242,145.8,1
74.7,557,4.1,0.416,120.7,0
132.7,645,1.4,0.156,72.6,1
126.8,697,5.1,0.284,153.6,0
71.9,673,4.9,0.517,26.5,1
55.3,614,2.4,0.378,79.2,0
50.3,546,3.5,0.334,5,0
91.1,615,1.7,0.169,71.4,0
157.4,773,0,0.116,73.4,1
94.7,637,9.0,0.465,167.7,0
88.1,577,1.8,0.147,64.3,0
98.2,679,1.5,0.358,171.8,0
57.5,657,4.6,0.216,5,0
112.3,613,0,0.289,146.2,0
80.7,712,7.1,0.367,116.5,0
93.5,790,4.1,0.345,19.1,1
56.4,811,3.5,0.381,48.0,1
20,709,0,0.155,193.5,0
20,679,2.5,0.368,191.0,0
88.0,720,0.6,0.384,135.3,0
55.7,795,5.8,0.164,54.6,1
73.1,674,4.0,0.501,129.9,0
24.2,688,9.7,0.387,39.2,0
103.8,662,7.6,0.319,72.9,0
50.1,816,7.2,0.468,48.2,0
65.4,611,7.7,0.386,49.2,0
86.3,619,3.4,0.487,35.2,0
150.1,509,0.3,0.516,55.4,0
138.6,622,2.6,0.349,75.5,0
71.0,573,6.9,0.4,70.3,0
91.5,636,3.8,0.292,168.3,0
71.6,666,3.5,0.184,24.9,1
57.9,687,3.1,0.141,52.1,1
62.6,625,3.3,0.26,93.7,0
72.1,640,6.4,0.337,92.7,0
72.0,777,6.9,0.479,75.2,0
54.5,681,8.3,0.256,169.5,0
122.5,596,3.9,0.24,140.6,1
72.7,643,4.9,0.387,130.1,0
61.6,688,5.5,0.33,52.8,1
56.1,800,10.6,0.414,192.4,0
65.5,638,2.3,0.4,5,0
121.0,761,6.7,0.411,126.5,1
30.9,782,6.8,0.135,88.5,0
71.5,653,7.2,0.275,10.7,1
89.6,565,6.6,0.407,70.9,0
52.1,539,7.1,0.289,105.8,0
67.2,692,4.7,0.404,54.6,0
79.3,575,0,0.168,53.7,0
28.9,662,9.9,0.4,80.5,0
61.8,609,7.7,0.17,100.0,0
64.1,643,9.5,0.109,96.1,1
52.8,683,6.3,0.293,94.7,1
57.0,713,0,0.355,5,0
60.7,693,0,0.303,129.4,0
74.5,679,9.6,0.388,42.5,0
54.6,677,0.4,0.041,66.9,1
80.6,766,0,0.238,5,1
71.9,641,5.2,0.215,18.7,1
99.3,665,0,0.274,114.5,0
105.3,778,4.7,0.244,50.3,1
102.1,646,0,0.356,74.1,0
20,773,7.8,0.164,89.1,0
34.2,512,8.1,0.406,61.4,0
127.6,619,0.3,0.315,113.0,0
32.2,618,7.7,0.386,5,0
45.4,677,13.8,0.266,83.7,0
152.6,631,3.0,0.319,5,1
74.8,612,2.6,0.073,46.7,0
61.5,640,2.6,0.23,29.5,1
118.2,666,9.6,0.263,61.9,0
95.9,729,0,0.319,49.0,0
74.2,526,3.3,0.527,106.1,0
91.6,687,3.7,0.23,80.0,0
69.8,739,8.3,0.144,51.9,1
128.9,709,11.4,0.445,72.1,0
73.2,577,5.5,0.51,94.9,0
39.9,522,0,0.495,131.4,0
70.4,675,5.0,0.467,103.4,0
106.8,525,3.4,0.134,82.4,0
33.7,596,8.3,0.278,120.0,0
82.2,725,1.1,0.29,11.1,1
102.2,757,4.9,0.407,71.3,0
90.1,738,13.8,0.387,13.9,0
35.9,686,0.6,0.463,62.5,0
79.6,707,0.9,0.296,54.4,0
78.7,734,3.1,0.399,99.8,1
20,628,10.0,0.02,169.1,0
20,738,0.8,0.19,167.9,0
46.2,840,8.7,0.26,32.6,1
122.3,601,0,0.453,63.1,0
90.7,648,0,0.275,154.5,1
71.5,677,10.5,0.371,97.7,0
62.5,697,0,0.256,182.5,0
32.0,529,5.0,0.231,27.9,0
83.5,693,6.4,0.153,41.6,1
73.4,759,2.1,0.207,169.2,1
33.1,655,0.1,0.164,5,0
136.8,760,10.5,0.431,71.9,1
78.1,594,0.4,0.408,6.9,0
94.6,740,6.5,0.156,112.4,1
45.7,520,6.8,0.114,5,1
39.0,646,5.3,0.308,18.8,0
99.2,657,4.9,0.04,45.6,1
53.1,603,6.5,0.372,100.0,0
97.5,810,9.7,0.112,255.8,1
38.2,704,4.6,0.343,158.7,0
48.2,685,9.0,0.426,147.5,0
96.2,638,0,0.351,52.8,0
48.8,649,3.3,0.416,125.1,0
83.8,809,0,0.39,144.8,1
99.1,618,2.8,0.379,44.6,0
29.8,584,6.4,0.249,34.5,0
84.0,659,5.7,0.311,64.9,0
48.4,639,0,0.16,8.8,0
108.9,679,5.6,0.187,97.2,1
72.4,614,0.3,0.332,23.5,0
44.6,547,6.9,0.145,116.4,0
57.2,696,10.6,0.244,175.9,0
46.9,687,5.9,0.436,133.2,0
94.7,694,8.2,0.238,15.1,1
155.7,744,2.2,0.467,5,1
86.9,626,2.6,0.28,47.4,0
42.5,555,1.1,0.288,140.4,0
38.6,808,0.4,0.311,23.8,0
86.6,716,10.1,0.38,89.2,1
44.1,776,7.1,0.359,115.9,0
41.0,690,5.6,0.369,86.4,0
112.7,707,8.0,0.443,155.8,1
96.8,701,9.3,0.574,17.3,0
122.5,694,3.3,0.217,136.2,1
135.2,672,8.6,0.498,5,0
83.1,634,3.3,0.221,71.1,0
36.6,710,5.5,0.417,111.3,0
97.6,606,3.0,0.333,136.1,0
68.6,665,6.0,0.161,130.9,1
102.9,759,9.0,0.074,93.5,1
46.4,669,9.7,0.34,93.9,1
82.2,604,0,0.195,86.7,0
88.1,704,2.1,0.312,111.0,0
97.0,622,7.4,0.475,99.3,0
77.7,686,1.6,0.149,57.1,1
99.5,775,4.8,0.536,29.2,0
67.8,799,5.1,0.176,94.5,1
48.8,754,4.9,0.403,27.6,1
69.7,523,1.4,0.132,5,0
86.0,727,2.1,0.364,5,0
70.2,634,5.4,0.297,108.3,0
103.7,641,7.6,0.333,94.6,0
20,833,1.3,0.204,60.7,0
127.4,630,2.3,0.2,106.2,1
83.2,618,10.3,0.334,36.7,0
78.9,698,5.0,0.303,191.8,1
80.2,606,0.8,0.398,5,0
86.8,694,3.4,0.521,127.8,0
98.5,665,2.9,0.251,151.0,0
72.9,761,6.2,0.329,40.1,1
99.5,490,10.2,0.146,5,0
112.7,658,5.8,0.1,144.5,1
36.3,705,7.0,0.31,157.5,0
120.1,675,5.4,0.404,149.5,0
131.6,689,5.0,0.353,28.7,0
136.7,765,1.3,0.316,117.4,1
118.0,640,9.0,0.224,110.4,1
89.2,640,5.9,0.387,54.3,0
127.9,791,2.3,0.142,5,1
66.5,673,0,0.319,5,0
123.2,582,0,0.32,122.0,0
81.9,783,11.8,0.372,5.8,1
45.0,678,4.0,0.231,171.9,0
30.6,710,7.7,0.306,33.5,0
57.3,639,2.2,0.273,5,0
51.5,750,6.5,0.481,5,1
71.5,729,8.6,0.415,83.7,1
72.2,738,1.4,0.349,172.4,1
107.0,796,7.1,0.426,196.7,1
27.4,666,5.7,0.201,8.1,0
38.1,753,11.8,0.381,5,0
49.3,702,1.7,0.418,122.1,0
90.1,685,11.9,0.072,104.8,1
64.0,640,5.7,0.19,47.8,0
69.7,512,2.6,0.367,57.3,0
102.0,806,2.1,0.445,5,0
91.1,700,5.5,0.404,67.8,1
60.3,629,0,0.381,27.9,0
105.3,662,5.3,0.324,67.7,0
118.4,634,7.1,0.335,97.4,0
102.4,610,9.0,0.32,82.4,0
73.6,726,0.3,0.094,63.5,1
66.0,789,10.2,0.468,167.1,0
92.0,625,0,0.349,33.7,0
20,751,4.2,0.229,10.7,0
49.6,602,0,0.275,59.7,0
22.5,644,1.4,0.341,76.9,0
130.1,680,7.1,0.21,72.4,1
139.2,588,4.5,0.302,34.7,0
75.4,689,2.1,0.388,24.2,0
100.4,791,2.0,0.375,74.9,1
78.3,815,11.1,0.183,60.4,1
72.6,534,0,0.422,100.4,0
47.9,595,4.2,0.466,84.5,0
110.3,710,5.7,0.351,68.6,1
71.9,622,7.7,0.414,51.7,0
107.3,411,0,0.348,24.2,0
84.7,671,5.2,0.254,41.5,0
105.1,556,6.0,0.246,85.2,0
79.3,594,4.9,0.269,5,0
20,649,0,0.331,59.8,0
68.9,662,9.5,0.244,78.2,1
94.9,838,6.8,0.236,144.4,1
66.8,723,4.7,0.36,82.0,0
125.7,716,0,0.325,62.1,1
82.2,709,0,0.112,164.0,1
115.1,722,2.9,0.097,110.7,1
127.5,663,5.3,0.083,43.6,1
64.5,610,10.7,0.492,15.9,0
62.1,798,5.9,0.372,23.9,1
66.0,829,9.4,0.222,111.6,1
68.4,739,4.9,0.303,42.1,0
77.3,694,9.3,0.137,86.7,1
54.7,596,1.3,0.395,5,0
54.9,633,3.8,0.255,57.9,0
83.1,643,6.9,0.242,52.8,0
23.5,614,2.3,0.177,66.1,0
47.7,761,13.3,0.419,97.9,1
84.4,659,5.4,0.26,5,0
50.1,718,3.1,0.084,78.3,1
98.1,709,14.6,0.196,159.0,1
55.9,669,2.0,0.285,53.4,0
74.8,597,9.5,0.405,38.3,0
43.5,537,6.3,0.366,35.6,0
133.8,850,1.5,0.339,6.3,1
61.9,748,5.4,0.173,67.6,0
55.8,658,5.9,0.027,76.1,1
46.4,706,3.3,0.02,20.3,1
100.4,677,4.1,0.381,87.7,0
95.0,569,4.2,0.45,5,0
79.7,698,3.7,0.352,26.8,1
80.8,825,8.4,0.366,165.0,1
66.2,539,8.5,0.498,50.9,0
108.7,621,3.0,0.485,58.5,0
123.4,727,0.7,0.481,5,1
89.7,638,1.9,0.167,183.7,0
56.1,725,9.8,0.338,121.8,1
76.8,705,4.5,0.181,5,1
53.7,678,4.0,0.416,96.8,0
66.4,668,3.6,0.33,5,0
86.0,711,0.7,0.249,57.2,0
38.5,593,5.0,0.346,88.9,0
86.5,664,3.0,0.189,49.4,1
69.5,670,1.0,0.6,5,0
59.3,695,12.1,0.362,98.0,1
77.9,523,6.0,0.326,210.2,0
112.7,571,11.1,0.316,130.2,0
95.3,687,2.4,0.281,34.1,0
26.7,693,8.9,0.444,158.8,0
70.4,659,6.6,0.386,100.3,0
116.3,718,9.0,0.306,64.3,1
42.9,544,13.0,0.329,54.3,0
20,829,7.8,0.361,129.5,0
88.8,766,0,0.372,124.8,0
48.4,666,3.2,0.344,48.1,0
59.4,638,9.7,0.281,111.9,0
120.6,563,5.4,0.273,34.2,0
112.1,819,4.1,0.257,5,1
43.0,607,5.4,0.388,171.4,0
97.6,641,2.4,0.279,128.3,1
93.5,528,2.7,0.475,48.0,0
156.8,674,10.7,0.521,125.5,0
20,611,7.6,0.371,150.3,0
81.0,515,1.5,0.364,5,0
129.9,565,4.0,0.506,110.0,0
78.2,570,4.5,0.454,85.2,0
64.1,610,3.3,0.174,5,0
68.1,604,7.8,0.188,105.5,0
125.0,707,8.2,0.309,5,1
125.4,670,13.4,0.411,200.1,0
48.5,684,2.1,0.324,65.5,0
72.3,602,2.9,0.452,76.2,0
20,654,6.1,0.158,5,0
170.8,749,1.0,0.286,72.9,1
32.9,668,8.2,0.33,39.0,0
90.6,601,0.1,0.377,148.2,0
110.4,797,0,0.357,159.0,1
117.8,632,7.7,0.393,44.1,0
35.0,612,6.3,0.426,80.0,0
119.7,601,4.6,0.24,129.4,1
51.2,753,0,0.441,5,0
53.8,734,6.0,0.037,5,1
110.5,810,7.7,0.471,34.8,1
78.8,593,3.6,0.257,107.4,0
58.5,637,0,0.361,73.8,0
91.4,640,1.1,0.228,59.4,0
56.8,644,0,0.251,5,0
91.2,693,4.4,0.273,134.0,0
88.3,622,6.1,0.282,47.4,0
55.6,582,3.1,0.149,88.7,0
37.1,709,6.6,0.278,62.5,1
66.9,700,0.5,0.367,71.4,0
66.8,619,0.2,0.275,52.4,0
112.5,762,0,0.043,5,1
155.4,585,3.7,0.46,50.3,0
103.0,677,8.5,0.412,5,0
56.1,682,0.1,0.18,83.3,0
116.6,696,10.7,0.457,148.3,0
51.8,717,0,0.237,120.1,0
64.5,818,3.3,0.433,77.0,1
64.2,612,4.1,0.136,116.7,0
61.8,743,0.8,0.064,105.3,0
33.1,693,8.9,0.207,26.5,1
32.6,747,6.7,0.213,71.8,0
55.0,667,2.2,0.102,122.7,0
98.9,667,16.3,0.367,5,0
48.1,645,0,0.165,80.9,0
72.0,698,1.0,0.372,85.1,0
94.9,662,4.4,0.355,102.7,0
102.8,635,9.5,0.321,41.0,0
118.2,620,0,0.269,155.6,1
106.0,510,4.1,0.243,69.4,0
66.7,585,14.3,0.307,48.9,0
103.7,726,9.6,0.342,51.9,0
52.1,647,7.7,0.234,97.1,1
61.4,758,6.7,0.346,78.4,1
49.2,612,6.0,0.407,66.2,0
68.1,617,5.0,0.346,38.7,0
60.1,694,0,0.333,95.7,0
58.1,702,0.6,0.209,127.9,0
55.7,633,7.6,0.127,44.7,0
124.7,657,2.9,0.314,131.8,0
42.6,697,2.5,0.127,37.5,1
84.8,836,0,0.122,7.5,1
48.1,558,8.2,0.211,146.9,0
55.1,751,8.3,0.48,55.2,0
119.2,768,6.0,0.198,17.2,1
45.3,663,0.2,0.386,5,0
54.6,728,7.1,0.152,93.7,0
83.7,582,5.5,0.476,202.4,0
44.1,638,1.3,0.227,5,0
108.5,850,6.7,0.324,120.4,1
49.6,744,4.1,0.256,131.3,0
110.0,615,7.3,0.3,123.7,1
44.6,746,7.0,0.471,48.3,0
96.9,644,9.0,0.255,134.8,0
78.2,685,9.1,0.29,114.8,1
49.2,753,10.9,0.361,104.3,0
113.7,557,5.6,0.486,38.7,0
53.2,732,0,0.251,41.7,0
24.0,800,6.2,0.241,169.3,0
82.7,703,11.4,0.319,15.9,1
87.6,677,2.4,0.203,5,1
50.0,628,7.0,0.43,17.9,0
63.2,720,0.8,0.204,105.2,0
44.1,679,1.3,0.267,157.0,0
70.9,642,0,0.321,141.0,0
160.6,656,5.8,0.168,191.1,1
103.8,727,4.5,0.02,155.0,1
82.7,613,8.5,0.336,92.0,0
41.3,672,4.6,0.175,184.1,0
73.0,700,10.9,0.207,68.9,0
106.5,714,5.6,0.334,189.0,1
57.5,633,9.1,0.371,108.8,0
91.4,728,5.4,0.284,108.4,1
60.6,655,0,0.372,73.4,0
21.5,693,7.4,0.216,109.0,0
90.9,661,0,0.31,85.6,0
35.2,721,6.6,0.49,31.6,0
75.5,640,7.0,0.405,48.5,1
75.6,581,0.4,0.429,46.8,0
78.2,671,8.9,0.242,13.4,0
71.4,658,10.0,0.216,141.4,0
126.6,602,3.4,0.381,151.3,0
34.9,767,5.0,0.105,46.5,1
51.0,784,7.1,0.437,27.2,0
88.6,682,8.5,0.379,89.4,1
77.3,696,12.9,0.455,16.9,0
115.7,645,4.5,0.241,99.6,0
39.3,537,0,0.173,153.5,0
74.3,769,10.3,0.233,122.7,1
20,756,5.4,0.195,92.4,0
80.0,602,4.3,0.337,125.2,0
42.5,713,9.9,0.229,110.4,1
106.8,787,6.1,0.469,161.1,0
84.3,698,2.3,0.26,5,1
100.5,772,10.4,0.227,70.4,1
107.4,620,0,0.273,15.9,0
104.1,564,6.1,0.154,228.9,0
89.3,596,0,0.185,22.6,1
40.6,746,6.7,0.287,5,0
104.1,722,5.6,0.128,87.6,1
60.4,714,2.2,0.059,41.4,1
111.6,737,4.8,0.234,113.5,1
46.0,628,9.6,0.358,53.7,0
91.5,604,6.1,0.299,179.2,0
89.5,690,7.1,0.133,5,1
87.0,647,0,0.169,112.3,0
55.8,605,6.1,0.282,70.4,0
79.5,702,2.5,0.5,44.7,0
28.5,600,8.7,0.387,92.9,0
85.6,600,9.3,0.02,56.9,1
113.8,664,9.9,0.473,107.3,0
52.4,640,6.6,0.346,5,0
44.6,651,6.0,0.284,174.1,0
35.4,589,9.6,0.314,117.7,0
111.9,741,8.1,0.219,116.4,1
67.8,629,1.9,0.188,5,1
68.6,665,7.0,0.428,160.2,0
80.6,607,7.9,0.303,134.5,0
98.5,722,5.3,0.151,99.7,1
62.0,625,7.5,0.501,17.5,0
56.6,687,4.4,0.269,49.8,0
50.2,708,7.3,0.11,174.9,0
91.6,657,6.0,0.165,175.0,1
67.8,574,3.8,0.371,56.4,0
79.8,610,10.3,0.413,119.8,0
81.2,768,0,0.325,164.4,1
46.5,702,9.2,0.445,5,0
79.6,719,4.5,0.261,156.7,1
57.2,692,0.4,0.508,5,0
48.3,596,10.1,0.579,95.6,0
96.7,607,10.4,0.296,105.2,0
68.9,550,5.1,0.407,5,0
60.7,655,4.6,0.295,97.0,0
24.5,705,9.8,0.331,5,0
89.3,600,5.3,0.453,177.0,0
90.2,666,3.4,0.466,137.7,0
59.2,797,9.2,0.145,145.3,1
83.4,518,0,0.419,34.0,0
35.2,561,12.6,0.409,72.3,0
53.7,708,9.7,0.25,109.1,0
129.0,760,4.9,0.26,164.7,1
86.1,654,1.3,0.425,55.3,0
64.6,669,4.3,0.221,124.0,0
100.9,739,9.9,0.241,119.8,1
74.3,622,3.1,0.376,59.5,0
100.4,708,0.1,0.313,147.7,1
58.9,591,3.5,0.461,124.6,0
100.8,502,12.7,0.401,56.3,0
94.8,640,6.9,0.284,65.0,1
20,683,0,0.278,37.5,1
59.6,669,2.5,0.407,49.4,0
131.1,742,6.1,0.589,42.0,0
51.2,776,2.5,0.443,42.2,0
51.0,702,9.8,0.456,102.0,0
20,701,5.2,0.263,40.0,0
109.2,837,4.2,0.204,193.1,1
59.4,569,6.7,0.373,130.6,0
91.3,724,7.1,0.441,131.1,0
58.9,744,2.7,0.282,37.0,1
45.9,733,7.7,0.405,77.6,0
69.1,462,1.9,0.464,31.0,0
154.1,602,3.0,0.27,5,0
32.1,723,4.0,0.044,128.6,0
64.1,755,7.3,0.19,96.9,1
49.9,597,6.6,0.577,77.8,0
43.4,659,4.2,0.255,40.7,0
58.1,779,13.2,0.209,58.2,1
92.5,618,2.7,0.37,5,1
84.0,655,4.4,0.171,188.2,0
61.9,820,9.1,0.277,106.2,1
64.1,662,6.2,0.431,198.7,0
144.7,761,5.1,0.248,5,1
42.2,732,3.3,0.105,105.1,1
46.9,748,12.2,0.359,105.9,0
43.8,647,5.3,0.301,68.1,1
92.1,601,0.2,0.091,19.4,1
66.4,624,7.4,0.366,102.3,0
73.9,574,0,0.203,32.7,0
69.8,642,0,0.288,100.2,0
99.6,705,6.6,0.255,104.8,1
20,765,3.0,0.378,5,0
24.0,668,5.7,0.349,81.2,0
114.1,572,3.7,0.207,43.8,0
107.6,739,5.3,0.283,22.4,1
47.8,686,6.6,0.27,103.9,0
99.1,837,0,0.152,7.0,1
27.2,637,8.4,0.388,178.4,0
105.4,637,3.6,0.405,131.5,0
33.3,601,1.6,0.458,188.4,0
85.2,835,6.8,0.367,102.4,1
115.5,738,5.3,0.253,95.6,0
88.8,690,6.3,0.161,108.1,1
74.8,709,1.7,0.125,107.2,0
92.9,845,6.5,0.402,177.7,1
143.3,610,3.6,0.358,5,0
77.0,783,9.3,0.392,121.8,1
83.8,740,9.0,0.214,107.0,1
83.0,772,4.0,0.189,25.3,1
93.3,666,2.6,0.393,89.6,0
140.8,830,6.4,0.341,146.8,1
64.3,581,8.5,0.327,116.6,0
54.0,639,9.3,0.281,33.1,0
86.9,639,11.9,0.397,5,0
122.1,850,3.1,0.303,5,1
89.4,702,0.7,0.394,189.7,1
85.9,675,8.6,0.283,5,0
116.0,786,4.5,0.204,62.0,1
67.4,819,2.5,0.205,5,1
46.5,732,3.8,0.502,115.5,0
32.8,681,6.2,0.341,101.3,0
40.0,487,0.5,0.422,128.0,0
84.8,698,5.1,0.095,90.7,1
56.7,600,4.7,0.41,128.0,0
82.3,674,0,0.413,41.2,0
51.3,742,10.0,0.331,112.6,0
65.5,590,9.2,0.442,51.2,0
55.0,575,2.9,0.156,5,0
45.1,676,0,0.311,38.5,0
101.1,670,6.2,0.306,108.9,0
74.7,661,7.8,0.231,125.2,1
57.6,738,3.4,0.223,32.0,0
84.3,664,3.8,0.402,132.9,0
20,718,0,0.193,70.3,0
20,557,2.1,0.383,5,0
111.4,750,2.6,0.422,85.1,0
53.6,629,0.7,0.355,140.6,0
95.0,596,4.7,0.336,140.8,0
82.5,810,11.5,0.426,125.0,1
124.2,738,2.3,0.313,104.6,0
57.7,816,0.5,0.361,98.8,1
51.7,617,5.2,0.225,172.9,0
100.6,600,7.4,0.599,76.7,0
109.2,642,0,0.165,9.1,1
49.5,610,3.5,0.351,133.4,0
65.0,761,1.9,0.505,117.2,0
27.4,757,3.1,0.227,30.7,0
89.8,714,5.2,0.525,5.1,0
35.2,725,7.3,0.316,110.4,0
89.5,569,8.5,0.51,147.4,0
134.0,699,9.7,0.382,166.6,0
51.2,721,4.0,0.256,170.2,0
84.3,710,4.1,0.022,5,1
141.0,622,4.9,0.549,82.3,0
84.3,612,1.6,0.24,79.6,0
60.2,700,9.8,0.583,37.3,0
45.5,630,0,0.507,54.4,0
43.4,492,11.8,0.106,18.0,0
77.7,665,10.3,0.266,128.1,0
117.8,635,5.7,0.214,31.2,0
102.5,660,5.8,0.243,159.4,0
24.7,793,0,0.507,79.1,0
84.7,627,7.1,0.544,153.2,0
112.2,586,4.1,0.317,154.6,0
106.5,647,0,0.42,55.0,0
98.9,545,3.5,0.165,31.4,1
94.0,559,4.1,0.308,161.4,0
38.7,576,7.7,0.392,44.0,0
90.3,703,0,0.267,129.4,0
101.1,580,5.9,0.198,5,0
71.9,801,8.3,0.109,99.7,1
100.5,828,12.8,0.215,103.3,1
113.3,626,0,0.113,119.4,1
69.5,633,1.6,0.374,78.3,0
25.9,823,9.7,0.428,5,1
32.0,714,9.7,0.429,123.6,0
80.0,615,2.9,0.302,130.3,0
99.5,678,3.2,0.188,51.7,1
69.2,740,0,0.124,17.8,1
70.8,682,7.4,0.379,48.0,0
64.2,557,4.7,0.208,97.2,0
64.1,730,16.3,0.079,225.6,0
34.4,603,7.9,0.326,42.8,0
52.2,727,10.0,0.269,39.2,0
20,675,6.5,0.256,49.7,0
84.4,711,7.0,0.317,158.8,0
74.1,497,3.3,0.54,5,0
72.8,749,7.7,0.235,181.9,1
109.2,807,1.1,0.121,112.2,1
76.0,701,4.6,0.487,5,0
82.8,669,1.1,0.448,10.4,0
109.1,547,6.3,0.337,105.6,0
92.6,763,3.8,0.55,11.8,0
111.1,662,1.3,0.246,170.9,1
47.2,530,11.0,0.329,54.6,0
20,574,6.2,0.241,178.7,0
57.2,605,10.2,0.255,238.6,0
34.1,516,2.1,0.473,65.2,0
56.2,656,10.5,0.352,71.0,0
141.7,764,2.0,0.382,147.9,1
83.6,654,6.4,0.243,89.1,0
75.7,563,8.4,0.396,5,0
58.2,793,9.0,0.43,115.5,0
20,690,0,0.323,5,0
90.5,577,1.1,0.351,133.1,0
54.2,692,4.1,0.236,5,0
50.4,669,0,0.4,46.3,0
120.0,804,7.6,0.177,74.7,1
83.1,691,8.3,0.379,153.1,1
54.2,654,4.9,0.35,50.5,0
65.0,637,6.7,0.409,186.3,0
63.2,781,0,0.35,46.5,0
134.4,646,6.0,0.371,78.5,0
84.8,652,4.6,0.297,107.4,0
29.4,697,12.1,0.071,24.4,1
20,533,1.2,0.438,58.0,0
70.0,719,6.9,0.305,238.5,0
88.0,637,1.6,0.16,5,1
79.9,629,3.6,0.427,67.6,0
83.7,719,2.0,0.02,5,1
57.7,652,0,0.204,87.2,0
42.6,587,12.7,0.27,73.5,0
51.6,657,0.4,0.311,10.6,0
51.1,547,0,0.314,18.2,0
70.6,706,8.2,0.222,10.9,1
100.7,652,4.7,0.277,70.7,1
62.9,728,6.7,0.558,36.7,0
99.1,582,7.3,0.373,43.5,0
97.4,576,4.3,0.087,115.6,0
57.4,634,5.0,0.122,107.6,1
64.1,657,0,0.493,66.4,0
80.5,684,7.8,0.223,141.1,1
81.0,667,8.9,0.35,57.5,0
78.8,740,3.0,0.395,197.8,0
73.1,725,3.2,0.166,34.5,0
103.8,641,0,0.361,101.8,0
34.8,590,12.0,0.227,107.3,0
33.4,562,7.0,0.263,63.1,0
26.3,675,9.7,0.401,63.4,0
93.7,609,0,0.404,83.2,0
55.7,759,8.3,0.359,81.7,0
66.2,640,5.1,0.174,94.8,1
48.7,722,0,0.36,95.7,0
91.5,688,12.2,0.314,103.7,1
41.3,850,5.7,0.337,85.1,0
34.2,545,10.3,0.36,59.9,0
50.1,671,0.1,0.405,31.8,0
72.0,504,8.2,0.305,5,0
65.0,597,6.4,0.445,100.8,0
54.7,521,5.8,0.18,96.5,0
101.3,696,4.0,0.105,210.9,1
72.2,714,0.4,0.253,81.6,0
127.7,704,2.5,0.251,94.6,0
89.5,676,8.6,0.343,40.8,0
116.6,714,7.4,0.371,74.6,0
129.0,664,10.2,0.289,146.4,0
35.5,657,3.1,0.379,100.6,0
52.8,568,2.0,0.289,42.7,0
87.6,612,10.1,0.409,91.7,0
133.1,743,0.7,0.319,30.0,1
44.1,629,2.5,0.358,17.0,0
20,748,0,0.321,95.0,0
108.0,770,9.3,0.436,99.6,1
82.9,768,4.8,0.02,5,1
50.3,631,8.8,0.408,113.5,0
20,850,3.5,0.431,88.5,0
67.0,666,11.6,0.145,103.8,1
59.7,682,0.3,0.497,12.0,0
20,611,5.9,0.166,64.7,0
77.7,585,0.8,0.332,5,0
50.5,807,2.9,0.194,86.5,1
20,628,10.0,0.175,6.8,0
64.6,579,6.8,0.12,51.4,0
56.7,660,1.1,0.193,153.7,0
87.7,764,6.6,0.263,114.8,1
127.4,696,5.2,0.488,129.5,0
89.4,577,4.0,0.321,88.4,0
46.3,711,7.2,0.219,78.7,1
89.8,708,6.9,0.373,123.4,1
59.7,706,2.3,0.23,100.5,0
54.7,724,2.0,0.355,5,1
89.6,717,5.1,0.141,5,1
63.9,706,9.2,0.35,22.4,1
56.7,712,7.4,0.238,167.6,0
75.9,781,5.7,0.2,59.1,1
61.7,639,8.8,0.277,184.3,0
44.4,660,8.7,0.231,147.1,0
86.9,621,5.1,0.299,142.9,0
28.1,591,2.3,0.376,26.3,0
65.9,678,4.7,0.146,61.2,1
86.8,710,2.0,0.266,5,1
100.3,661,3.5,0.2,72.8,1
53.4,697,8.6,0.288,5,1
120.8,692,4.8,0.294,5,1
60.5,606,9.9,0.186,85.8,0
85.1,567,5.9,0.314,124.2,0
61.9,614,7.9,0.092,56.5,1
80.2,557,9.5,0.307,139.9,0
76.1,695,3.2,0.565,63.7,0
55.7,635,4.4,0.214,23.1,0
62.5,850,4.3,0.221,117.0,1
26.9,778,0.8,0.241,5,0
33.4,631,3.7,0.282,95.2,0
72.6,783,5.7,0.445,87.9,0
34.3,456,3.3,0.161,78.6,0
20,733,0,0.078,214.3,0
20,787,4.1,0.479,24.4,0
78.5,514,5.5,0.396,22.6,0
94.7,681,9.5,0.377,176.9,0
106.2,668,7.7,0.341,106.5,1
65.5,654,0,0.327,9.6,0
63.5,732,7.3,0.356,69.2,1
48.3,803,11.5,0.228,5.5,1
47.2,605,6.2,0.322,130.9,0
81.3,656,11.2,0.493,32.5,0
67.2,658,2.7,0.162,63.6,1
116.3,755,5.6,0.461,75.3,0
35.2,774,9.1,0.186,5,1
81.8,593,3.8,0.369,144.5,0
123.3,738,6.8,0.447,50.0,0
32.6,741,2.2,0.331,86.2,0
62.9,759,11.5,0.25,33.2,1
77.7,635,3.7,0.403,74.8,0
36.3,617,9.5,0.35,140.5,0
57.5,704,7.7,0.55,92.1,0
52.2,572,10.4,0.282,41.5,0
115.4,654,2.9,0.335,5,0
95.4,694,7.8,0.302,90.4,1
78.4,809,8.4,0.268,77.5,1
111.5,850,4.0,0.336,109.2,1
70.0,730,0,0.195,94.2,1
81.0,726,9.8,0.174,39.2,1
77.7,695,9.8,0.08,169.5,1
36.8,777,12.2,0.481,64.9,1
91.1,570,15.3,0.181,203.9,0
83.0,659,10.6,0.515,90.9,0
54.1,733,0,0.107,80.6,1
60.5,645,0,0.253,70.7,0
92.2,524,11.3,0.047,111.0,0
104.5,724,4.2,0.262,5,1
53.1,604,0.5,0.301,54.7,0
58.7,560,1.8,0.303,5,0
67.9,668,5.5,0.379,119.3,0
53.3,837,0,0.178,26.6,1
83.4,705,1.5,0.338,22.0,0
52.1,621,1.0,0.325,97.6,0
61.0,713,5.6,0.472,64.2,0
94.8,599,0.6,0.135,104.5,0
82.6,689,5.8,0.376,55.7,1
93.2,568,4.0,0.485,295.3,0
75.7,548,5.4,0.292,45.9,0
81.3,600,0.6,0.388,42.0,0
24.4,669,7.4,0.397,94.4,0
39.3,695,6.5,0.103,68.5,0
81.8,613,7.6,0.49,66.8,0
38.5,711,1.3,0.412,179.5,0
129.6,688,6.8,0.206,5,1
32.2,759,1.5,0.275,184.1,0
90.3,658,8.4,0.268,24.1,0
28.1,579,7.7,0.29,22.6,0
80.4,715,1.0,0.244,100.9,0
105.2,741,11.0,0.337,41.5,1
144.8,766,4.4,0.385,67.7,1
108.9,714,8.7,0.51,50.3,0
103.6,743,3.5,0.306,195.5,0
88.9,719,0,0.378,5,0
112.0,640,0,0.297,78.8,0
81.8,702,0,0.429,5,0
99.2,618,0,0.21,50.8,1
30.2,713,4.2,0.202,5,0
85.3,733,10.3,0.185,5,1
90.8,774,0,0.48,87.8,1
68.7,791,2.7,0.558,49.2,0
82.1,771,10.1,0.293,103.9,1
115.4,763,3.0,0.417,78.8,1
63.6,687,2.7,0.112,7.1,1
93.6,616,7.0,0.304,126.3,0
74.7,587,9.6,0.363,87.1,1
110.4,794,6.3,0.238,107.4,1
64.8,775,3.8,0.331,87.7,0
91.1,741,5.2,0.331,61.0,0
56.2,536,7.2,0.141,53.2,0
55.1,723,5.4,0.304,94.4,0
101.2,646,5.1,0.352,5,1
64.8,724,3.6,0.226,159.1,0
83.8,637,7.1,0.408,121.6,0
57.0,660,6.3,0.444,108.2,0
81.4,753,6.9,0.408,55.9,1
64.3,687,7.3,0.14,64.8,1
80.0,746,0,0.1,139.7,1
133.4,670,9.8,0.567,5,0
60.1,566,11.1,0.268,38.0,0
94.6,633,7.7,0.189,38.1,1
49.7,640,3.2,0.233,5,0
79.5,790,7.7,0.238,72.3,0
67.3,660,2.6,0.371,103.5,0
141.1,722,0,0.132,76.4,1
67.4,793,5.3,0.155,165.9,1
73.4,697,7.1,0.212,83.6,1
112.0,614,5.1,0.483,64.4,0
55.6,727,4.6,0.305,95.6,0
90.1,786,6.7,0.363,147.4,1
109.0,518,5.1,0.348,71.9,0
71.0,620,6.3,0.381,65.6,0
59.3,632,5.3,0.252,139.6,0
91.0,755,0,0.293,87.2,0
76.6,664,0,0.46,87.5,0
60.7,654,4.5,0.208,15.7,0
46.0,757,7.0,0.328,45.9,1
76.8,691,0,0.299,5,0
149.1,602,1.8,0.4,29.5,0
67.9,692,8.5,0.244,43.9,0
53.8,703,10.5,0.2,10.6,1
57.5,565,0,0.077,76.0,0
128.7,711,0.9,0.168,52.0,0
72.6,767,3.7,0.217,5,0
77.6,669,5.8,0.129,132.4,1
20,591,2.4,0.291,5,0
74.5,747,10.7,0.265,41.9,1
22.9,766,4.8,0.249,11.9,0
65.7,716,4.9,0.023,38.7,1
130.1,668,6.5,0.3,55.8,0
47.5,572,6.9,0.402,68.7,0
105.3,850,0,0.367,88.2,1
95.8,803,4.5,0.558,9.2,1
32.1,566,6.7,0.386,45.3,0
53.2,768,0,0.325,97.2,0
75.0,670,0,0.124,139.8,1
115.7,684,11.7,0.283,141.9,1
58.5,752,0,0.483,190.6,0
116.4,637,4.0,0.328,46.8,1
101.8,732,2.9,0.117,105.0,1
26.5,583,3.9,0.483,102.9,0
42.6,600,0.9,0.319,146.7,0
128.0,641,8.8,0.312,184.5,1
60.1,757,1.8,0.225,61.2,1
20,761,15.7,0.151,161.2,0
72.5,613,5.8,0.363,5,0
97.1,605,10.0,0.454,51.6,0
20,630,7.1,0.414,146.1,0
76.2,735,5.1,0.124,134.2,1
71.2,633,12.8,0.188,84.3,0
73.4,770,6.6,0.263,128.8,1
73.0,645,2.1,0.073,173.1,0
40.2,612,0.4,0.433,74.8,0
50.8,599,9.5,0.129,84.9,1
86.0,698,4.4,0.02,79.0,1
35.4,795,10.0,0.255,101.4,0
20,645,8.5,0.287,20.1,0
85.5,587,2.7,0.249,21.0,0
58.7,690,12.1,0.22,13.8,1
61.5,653,1.4,0.114,56.4,0
42.0,850,14.7,0.585,61.5,0
91.6,597,3.9,0.188,133.6,0
84.7,631,4.2,0.082,74.0,1
87.5,642,1.0,0.309,167.6,0
128.5,479,1.5,0.268,5,0
76.4,600,1.8,0.283,66.9,0
93.6,617,9.5,0.447,5,0
102.7,578,2.7,0.319,140.1,0
70.7,723,6.3,0.495,79.3,0
69.1,576,0,0.02,168.2,1
23.3,747,6.6,0.276,117.3,0
154.5,752,1.8,0.17,162.7,1
68.5,691,5.3,0.439,23.3,0
58.3,616,2.5,0.1,23.4,0
103.7,592,4.1,0.472,59.6,0
105.2,726,2.7,0.175,157.5,1
53.5,651,4.8,0.087,109.0,1
55.3,612,3.4,0.276,201.0,0
80.4,630,5.3,0.278,10.2,0
88.2,594,0,0.281,56.1,0
110.7,774,13.3,0.245,114.2,1
91.3,772,5.6,0.242,108.1,1
95.4,767,5.6,0.274,150.7,1
50.4,755,0,0.434,130.7,0
109.3,647,6.2,0.128,6.0,1
62.7,588,8.7,0.29,40.0,0
120.1,766,5.2,0.377,45.1,1
114.3,651,5.8,0.411,137.9,1
95.6,707,0,0.476,59.8,0
74.2,764,3.3,0.16,168.0,1
121.3,676,6.4,0.408,18.8,0
50.3,628,12.1,0.6,67.4,0
65.4,660,6.4,0.341,58.9,0
56.9,621,3.4,0.383,109.2,0
104.1,684,8.8,0.277,188.1,1
96.8,795,2.4,0.509,6.5,0
56.6,527,0,0.248,109.2,0
103.1,653,1.3,0.463,152.4,0
26.6,592,2.9,0.309,151.9,0
83.7,714,0.3,0.435,171.2,0
121.4,659,5.0,0.464,69.8,0
128.5,667,1.8,0.299,5,1
115.4,580,2.3,0.523,138.0,0
70.0,712,10.7,0.393,113.9,0
121.3,726,0.6,0.253,188.1,0
43.2,723,4.4,0.164,5,0
110.4,599,0.4,0.393,164.2,0
64.6,558,5.0,0.21,69.8,0
102.5,532,0,0.271,5,0
46.7,532,2.2,0.287,182.2,0
20,663,1.5,0.355,59.4,0
94.5,648,0,0.25,117.3,0
69.4,733,4.6,0.145,90.4,1
114.3,633,5.5,0.271,5,1
46.9,685,2.3,0.229,76.3,0
89.9,647,3.9,0.344,54.8,0
57.7,675,8.3,0.397,129.0,0
79.5,759,3.7,0.421,125.3,1
100.0,734,6.3,0.24,41.2,1
36.6,805,5.8,0.374,138.2,0
72.5,508,6.4,0.368,5,0
71.9,763,0,0.233,68.2,0
80.6,515,0,0.297,112.9,0
86.1,704,7.3,0.309,5,1
78.8,800,0,0.575,74.9,0
66.5,769,5.2,0.21,121.3,1
75.2,816,13.4,0.02,81.8,1
90.0,798,7.3,0.127,42.1,1
115.1,674,3.1,0.235,91.3,1
143.9,668,0,0.374,96.3,0
53.6,717,3.1,0.235,44.7,1
32.0,672,3.9,0.39,69.4,0
52.1,714,6.1,0.31,173.9,0
83.0,767,6.5,0.27,138.1,1
58.3,731,5.5,0.311,5,0
50.9,794,0.5,0.459,23.1,0
62.9,635,0,0.467,147.4,0
104.0,752,10.0,0.208,114.3,1
85.6,665,1.5,0.268,52.0,0
89.2,802,7.5,0.321,36.5,1
117.1,570,14.1,0.12,131.7,1
61.6,507,8.8,0.352,144.5,0
115.2,694,4.3,0.24,154.4,1
87.7,561,4.8,0.179,31.6,0
92.8,671,5.0,0.182,91.1,0
72.4,730,6.5,0.371,39.5,0
83.4,594,3.7,0.159,66.1,1
65.1,582,5.6,0.332,81.3,0
112.2,813,7.9,0.258,101.7,1
75.3,828,4.8,0.299,33.0,1
66.5,704,3.6,0.154,69.3,0
54.7,634,11.9,0.378,98.9,0
93.3,669,9.9,0.274,183.2,0
77.7,642,4.9,0.182,11.1,0
49.8,604,6.2,0.223,70.7,1
92.8,554,6.6,0.372,71.5,0
85.9,659,6.1,0.37,105.2,0
26.6,687,4.5,0.28,99.5,0
42.7,747,6.4,0.32,83.9,1
88.6,673,0,0.268,109.1,0
70.6,691,8.1,0.119,69.0,1
75.1,713,8.5,0.432,235.7,0
88.7,670,4.7,0.191,69.3,0
36.7,692,2.8,0.325,62.9,0
118.2,722,3.6,0.256,92.7,1
64.6,771,6.1,0.243,91.3,1
59.8,699,3.4,0.229,122.9,0
116.7,581,6.9,0.347,101.4,0
102.1,659,3.5,0.26,199.5,0
107.4,613,7.1,0.433,6.7,0
101.1,776,2.7,0.51,63.7,0
113.2,620,11.7,0.21,74.2,1
144.8,682,8.5,0.441,54.5,1
65.6,541,3.5,0.306,5,0
72.7,714,7.5,0.298,40.5,1
34.1,736,0,0.41,25.9,0
62.2,630,0.9,0.369,7.7,0
87.8,608,1.3,0.239,5,0
74.5,555,5.0,0.309,91.2,0
20,607,6.2,0.28,11.8,0
112.1,570,4.4,0.364,176.9,0
94.1,648,5.6,0.264,179.5,1
66.7,605,15.2,0.351,15.4,1
68.9,653,9.2,0.093,136.2,1
85.6,695,0,0.207,102.4,1
73.0,547,3.9,0.204,33.8,0
84.1,559,4.5,0.368,91.3,0
75.3,585,12.5,0.315,27.7,0
21.8,629,9.1,0.231,64.1,0
119.6,850,0,0.255,109.3,1
59.5,641,7.7,0.482,5,0
88.7,597,2.8,0.459,96.8,0
89.2,571,5.7,0.354,152.0,0
79.1,664,4.0,0.447,154.2,0
76.1,611,0,0.245,126.5,0
113.3,664,0,0.217,130.0,1
78.7,676,3.0,0.377,48.3,0
75.6,551,11.1,0.269,130.2,0
74.3,643,5.8,0.236,29.7,0
24.8,599,4.4,0.367,5,0
114.8,750,10.4,0.155,21.9,1
116.0,850,0,0.28,5,1
46.4,797,3.0,0.396,119.3,0
115.0,592,2.9,0.353,61.8,0
99.3,771,0,0.303,155.8,1
20,618,5.3,0.25,123.2,0
91.3,660,4.3,0.412,111.9,0
78.2,618,2.0,0.315,142.1,0
84.8,711,4.0,0.286,118.4,0
116.7,540,7.6,0.383,163.0,0
43.1,766,1.9,0.297,144.5,0
43.7,600,4.8,0.21,83.3,0
90.0,627,7.2,0.402,133.3,0
62.1,688,0,0.337,134.3,0
116.8,746,12.9,0.165,84.6,1
62.6,741,9.6,0.297,59.9,0
73.5,701,7.5,0.412,46.5,0
114.9,701,0,0.492,39.0,0
65.1,684,11.7,0.081,60.7,1
66.8,654,8.7,0.352,51.7,1
100.3,609,3.5,0.219,92.8,0
97.4,637,5.0,0.228,43.5,1
29.7,698,8.3,0.457,23.6,0
71.7,687,6.1,0.142,158.7,1
55.3,632,14.4,0.276,75.6,0
68.0,721,2.8,0.317,99.4,0
105.1,664,4.7,0.299,5,1
98.1,742,6.8,0.29,112.7,1
41.9,728,7.0,0.401,5,1
113.7,661,12.3,0.32,207.2,1
20,677,3.2,0.135,20.7,0
52.5,760,0,0.27,108.2,1
58.1,701,0.9,0.216,5,1
62.9,600,3.8,0.463,185.5,0
129.3,675,9.6,0.405,34.0,0
24.9,683,6.6,0.276,5.7,0
99.3,693,2.5,0.341,23.6,0
86.3,764,12.4,0.521,133.1,0
95.0,567,5.0,0.285,49.9,0
62.1,840,4.3,0.528,97.4,0
78.4,850,4.4,0.311,113.2,1
97.6,544,2.1,0.236,262.4,0
79.1,850,7.0,0.461,131.1,0
61.1,660,0,0.051,139.9,1
43.0,670,10.8,0.426,5,0
87.3,529,2.8,0.233,5,0
78.8,713,0,0.365,68.1,0
57.2,506,8.5,0.356,78.5,0
34.4,712,3.1,0.369,120.4,0
53.0,666,6.3,0.093,91.2,0
64.0,850,1.0,0.177,55.4,1
35.9,707,7.5,0.361,100.9,0
46.6,682,7.1,0.198,67.4,0
142.9,770,10.4,0.384,43.1,1
120.7,600,5.2,0.315,113.6,1
69.1,667,17.6,0.242,5,1
58.1,666,4.5,0.026,85.2,1
110.5,693,9.6,0.497,111.5,0
65.1,729,3.7,0.02,72.4,1
101.6,658,1.8,0.268,77.9,0
44.8,673,5.9,0.369,31.7,0
69.2,758,0,0.197,39.7,1
108.2,653,8.1,0.215,78.0,0
45.6,603,0.3,0.367,20.3,0
91.7,699,9.7,0.33,37.3,0
95.0,577,8.6,0.276,117.1,0
51.6,807,4.0,0.336,48.1,0
77.8,639,4.8,0.316,48.1,0
93.0,515,1.3,0.255,21.1,0
94.3,718,0,0.144,95.1,1
99.5,627,5.1,0.195,63.0,1
86.5,591,9.2,0.292,106.1,0
61.3,749,2.1,0.255,6.8,0
140.9,666,3.4,0.525,5,0
82.4,668,4.1,0.264,169.3,1
71.0,616,5.1,0.179,31.2,0
52.2,628,3.5,0.175,171.1,0
96.0,733,4.3,0.28,88.3,1
95.9,723,3.4,0.181,98.8,1
98.5,635,14.9,0.092,190.5,1
71.8,819,12.4,0.487,127.8,1
33.3,584,4.7,0.373,123.2,0
116.9,793,5.2,0.049,140.5,1
60.5,693,0,0.273,5,0
53.8,796,5.5,0.393,72.9,1
20,621,1.5,0.135,86.6,0
85.4,675,7.8,0.307,96.2,0
91.3,713,0.9,0.221,143.9,0
62.5,761,7.7,0.417,116.2,0
21.6,844,8.2,0.194,87.3,0
71.9,727,2.2,0.527,59.8,0
110.3,587,5.5,0.554,85.6,0
57.7,605,4.1,0.573,135.1,0
95.7,756,3.7,0.298,76.1,1
46.0,575,2.0,0.347,14.0,0
40.6,662,0,0.374,5,0
76.9,705,8.1,0.321,105.4,1
81.2,790,4.1,0.183,158.5,1
92.2,636,6.9,0.503,51.5,0
34.9,605,8.9,0.379,59.1,0
52.7,843,5.2,0.404,115.0,1
88.4,653,9.5,0.311,61.1,1
74.0,711,1.6,0.088,5,0
44.9,633,5.0,0.358,112.6,0
131.9,670,2.6,0.289,96.1,1
58.5,802,0,0.357,126.2,0
46.5,686,8.7,0.31,48.7,0
84.1,524,9.4,0.207,149.3,0
74.2,663,12.8,0.268,62.1,0
52.5,680,4.4,0.02,17.1,1
100.8,850,0,0.062,144.8,1
101.4,628,9.7,0.262,71.3,1
97.8,628,0,0.49,73.7,0
47.7,670,1.8,0.217,5,0
81.5,616,9.6,0.273,53.5,0
120.9,848,0.8,0.176,63.6,1
76.6,666,8.2,0.325,63.5,0
64.1,759,4.9,0.296,79.5,1
62.7,834,1.5,0.123,94.3,1
62.1,850,6.7,0.45,116.9,1
47.3,692,7.2,0.142,5,1
94.0,716,3.9,0.398,5,0
57.7,774,3.9,0.227,130.2,1
71.0,712,0,0.231,24.1,0
97.9,619,7.8,0.399,25.7,1
67.1,592,1.2,0.355,68.0,0
20,607,0,0.396,41.8,0
76.7,775,8.5,0.408,34.2,0
76.0,600,4.6,0.308,123.2,0
65.3,686,12.1,0.376,48.2,0
95.3,718,1.4,0.313,171.4,1
52.5,563,7.6,0.327,140.8,0
53.7,681,1.5,0.09,63.7,1
78.4,679,0,0.317,80.4,0
62.9,655,7.2,0.346,5,0
65.5,689,7.9,0.385,190.5,0
95.6,595,7.6,0.137,132.7,0
36.1,726,7.9,0.503,59.8,0
73.0,579,1.7,0.315,5,0
30.5,685,0.2,0.417,128.7,0
68.6,688,0,0.341,130.8,0
36.1,546,4.1,0.276,208.4,0
27.9,705,3.1,0.6,6.0,0
47.2,678,3.9,0.185,160.9,0
46.4,782,1.6,0.461,91.1,0
77.0,612,0,0.465,44.3,0
31.7,700,0,0.174,91.6,0
93.2,731,8.6,0.269,34.9,1
131.3,723,6.0,0.346,189.9,1
24.9,699,12.2,0.274,75.2,0
90.0,650,10.2,0.174,60.8,1
63.7,654,5.9,0.262,86.9,0
111.7,527,2.3,0.468,5,0
57.1,656,4.9,0.429,71.0,0
103.9,804,5.9,0.227,6.5,1
65.1,632,8.1,0.064,41.0,1
63.9,671,7.6,0.478,152.9,0
20,683,0.9,0.242,30.2,0
59.8,664,8.9,0.352,63.6,0
121.2,745,4.4,0.357,89.9,1
64.6,729,13.4,0.201,79.2,1
130.3,747,6.5,0.291,5,1
107.1,640,3.9,0.324,70.6,0
20,712,4.9,0.33,55.5,0
49.1,797,8.2,0.416,66.2,0
43.1,539,5.1,0.347,203.1,0
60.2,549,16.0,0.374,157.0,0
65.6,658,0,0.208,77.7,0
109.8,701,2.5,0.197,41.5,1
81.1,677,11.5,0.371,107.9,0
104.0,586,4.6,0.148,176.8,1
64.3,600,3.0,0.329,5,0
103.6,671,6.5,0.421,120.7,0
56.7,649,4.9,0.049,100.8,0
80.2,679,3.6,0.084,107.7,1
78.8,701,1.6,0.442,81.8,0
48.1,623,6.1,0.333,79.9,0
26.1,684,0,0.509,97.6,0
123.7,629,3.5,0.468,33.3,0
63.6,590,13.1,0.386,56.9,0
71.2,733,12.1,0.549,92.0,1
82.1,754,5.9,0.239,172.0,1
55.6,608,8.5,0.393,127.3,0
33.0,779,7.8,0.349,25.9,0
94.2,620,7.6,0.322,105.5,1
99.2,702,1.4,0.271,161.1,1
128.2,567,11.1,0.18,5,0
44.5,806,1.1,0.351,67.3,0
88.5,693,0.1,0.424,28.1,0
106.0,646,0.3,0.231,44.5,0
38.5,769,6.9,0.271,187.1,0
87.1,669,5.0,0.45,48.6,0
53.7,629,1.2,0.124,110.4,0
102.6,753,3.6,0.385,108.9,1
43.7,713,9.5,0.271,103.5,0
141.2,748,4.1,0.462,71.5,1
96.8,803,3.7,0.539,139.0,1
100.1,768,6.9,0.318,168.5,1
100.3,599,11.1,0.35,168.2,0
73.7,741,1.6,0.087,22.3,1
52.5,636,8.8,0.361,36.0,0
61.7,748,6.8,0.188,5,0
91.6,735,5.9,0.195,6.9,1
20,719,3.3,0.251,213.1,0
80.8,670,0,0.162,5,0
35.5,674,3.4,0.369,87.5,0
70.6,602,6.6,0.299,204.2,0
80.6,773,0.5,0.232,5,1
96.1,599,9.3,0.343,16.0,0
68.1,831,4.2,0.386,84.5,1
53.6,747,5.0,0.241,85.5,1
95.8,628,2.2,0.414,155.1,0
49.1,626,0.5,0.376,94.4,0
24.5,647,0.6,0.387,110.1,0
69.0,747,8.6,0.361,158.2,0
40.3,578,11.6,0.156,110.3,0
71.8,781,11.0,0.216,91.1,1
33.3,731,7.1,0.296,170.1,0
98.1,637,0.8,0.388,72.9,0
126.3,577,0.4,0.21,98.2,0
73.0,605,1.1,0.339,5,0
66.7,768,6.7,0.357,93.4,0
86.6,667,9.3,0.202,20.6,1
51.6,739,0,0.291,105.5,0
67.0,749,0,0.2,5,0
51.3,711,4.0,0.368,148.4,0
66.3,440,6.2,0.441,6.1,0
94.9,718,7.4,0.365,5,1
58.9,850,11.7,0.286,159.1,1
87.9,722,8.6,0.129,207.6,1
111.2,655,5.1,0.287,86.8,0
95.8,850,0,0.216,5,1
71.0,717,2.9,0.077,20.0,1
70.1,839,11.5,0.292,121.7,1
121.8,747,4.5,0.194,31.8,1
50.5,609,6.1,0.115,26.0,1
20,755,6.0,0.199,128.0,0
80.8,665,4.7,0.289,118.0,1
117.0,638,4.8,0.368,118.1,0
70.9,732,12.0,0.093,142.2,1
86.2,680,2.4,0.271,107.3,1
72.6,757,0.1,0.214,5,1
85.8,741,5.4,0.399,5,0
53.0,727,3.2,0.306,174.2,0
75.8,614,8.5,0.28,64.4,0
49.4,695,9.7,0.421,51.0,0
21.1,694,0.9,0.308,84.7,0
20,672,5.3,0.258,86.4,0
62.7,752,1.2,0.343,120.4,0
71.3,607,6.4,0.206,14.0,0
85.2,727,0,0.093,39.4,1
70.2,670,3.7,0.087,159.0,1
118.6,608,0,0.243,23.5,0
80.6,724,0,0.247,94.0,1
97.8,641,6.4,0.491,95.1,0
145.7,703,8.2,0.373,45.1,1
68.1,734,5.4,0.21,75.7,1
84.3,565,9.5,0.445,76.8,0
117.9,737,5.3,0.176,192.5,1
61.4,651,4.4,0.088,108.1,1
64.9,745,4.1,0.298,73.9,1
71.1,796,1.7,0.318,210.6,1
43.0,645,9.1,0.219,80.4,0
45.0,681,1.5,0.408,113.2,0
104.8,667,5.4,0.415,5,0
47.9,806,6.8,0.292,138.3,1
52.3,683,8.5,0.429,5,0
55.1,656,5.3,0.209,59.5,1
90.4,737,1.3,0.251,171.8,1
76.7,537,1.7,0.271,49.5,0
65.8,587,12.9,0.02,104.6,1
65.9,606,5.1,0.229,79.6,0
20,761,9.1,0.331,131.7,0
25.3,690,1.1,0.265,61.4,0
56.4,850,2.8,0.169,36.6,1
65.3,644,2.3,0.288,8.3,0
52.3,672,0,0.365,165.9,0
84.7,645,0,0.266,142.1,0
81.5,704,8.4,0.285,115.2,1
48.9,663,9.2,0.351,110.9,0
55.0,659,0,0.101,62.9,1
101.9,601,3.1,0.458,42.2,0
32.4,650,7.0,0.332,74.1,0
73.9,717,6.5,0.147,85.4,1
80.5,573,3.8,0.515,141.6,0
57.1,688,7.5,0.02,170.9,1
85.9,718,7.5,0.225,95.6,1
42.8,673,3.2,0.208,50.0,0
47.9,651,1.6,0.39,52.4,0
20,648,10.5,0.05,187.0,0
61.2,531,0.7,0.248,102.1,0
45.0,649,4.5,0.322,35.3,0
51.7,566,6.2,0.45,222.1,0
61.1,713,5.0,0.282,11.5,1
100.8,682,8.2,0.364,76.8,1
68.9,667,4.3,0.435,169.0,0
74.2,792,12.3,0.26,169.7,0
117.4,678,0.5,0.308,150.7,0
78.0,659,13.3,0.346,136.0,1
86.0,649,0,0.412,160.2,0
87.6,693,0,0.206,108.4,1
131.9,695,7.0,0.215,47.0,0
20,580,0,0.271,5,0
69.7,654,7.1,0.174,76.7,0
52.4,702,6.5,0.435,126.3,0
76.3,674,4.4,0.41,37.7,0
62.2,582,3.1,0.314,161.7,0
90.8,778,11.7,0.256,90.1,1
66.3,703,4.5,0.211,124.9,0
90.9,649,5.1,0.236,168.7,1
82.2,719,3.9,0.379,127.1,1
86.1,739,4.0,0.211,5,1
50.0,773,0,0.353,88.1,0
90.0,611,2.3,0.281,63.6,0
95.0,547,6.6,0.48,5,0
78.6,646,5.5,0.208,65.1,0
107.9,757,5.9,0.361,30.5,1
46.2,753,11.1,0.339,5,0
106.3,684,2.1,0.449,187.2,1
63.3,764,5.3,0.323,104.1,0
46.5,640,0,0.434,79.1,0
51.3,782,1.7,0.6,153.1,0
104.0,624,0,0.399,138.2,0
110.4,697,12.4,0.183,220.1,1
100.6,850,5.0,0.237,5,1
100.4,667,5.7,0.085,45.1,1
91.9,680,7.5,0.232,118.5,1
78.8,713,5.2,0.482,112.9,0
47.7,690,0,0.333,38.1,0
47.2,548,3.2,0.104,105.9,0
76.3,637,6.2,0.046,121.2,0
48.3,716,9.2,0.36,75.2,0
82.3,787,5.4,0.186,20.2,1
36.5,594,10.0,0.212,105.0,0
82.7,763,1.9,0.448,36.1,0
32.8,776,14.9,0.366,48.4,1
51.5,541,3.4,0.311,69.2,0
110.1,570,8.5,0.308,27.3,0
41.8,705,8.9,0.27,86.8,0
72.7,793,0,0.169,24.8,1
48.3,691,1.3,0.275,117.3,0
46.1,664,4.0,0.239,7.2,1
58.2,651,7.5,0.121,61.8,1
72.0,719,1.2,0.307,150.1,0
74.6,752,2.9,0.513,43.7,0
71.5,691,2.4,0.452,33.5,0
122.9,709,5.0,0.35,160.1,1
53.6,617,3.3,0.6,63.2,0
101.0,544,4.5,0.155,56.9,0
63.2,712,10.6,0.275,123.4,0
87.1,675,11.0,0.212,68.7,1
97.0,661,0.3,0.096,113.2,0
89.6,714,4.8,0.402,5,0
77.1,823,1.8,0.396,84.3,0
74.0,541,4.0,0.476,5,0
64.6,622,4.4,0.313,52.8,0
70.7,787,8.5,0.284,82.1,1
70.1,705,3.5,0.484,117.2,0
57.3,626,0,0.478,134.6,0
56.5,751,0,0.347,102.7,1
64.3,625,12.7,0.347,163.0,0
49.4,652,8.1,0.6,46.1,0
57.1,789,10.5,0.331,107.9,1
20,790,15.7,0.347,14.6,1
81.5,850,8.7,0.421,95.9,1
93.5,850,2.7,0.268,136.2,1
72.0,599,0,0.409,9.3,0
63.0,748,11.5,0.454,178.5,0
59.7,770,0,0.449,13.0,0
90.1,602,7.2,0.265,62.3,1
58.1,757,9.1,0.531,15.1,0
105.4,666,1.4,0.174,133.8,1
115.6,679,3.9,0.02,59.3,1
44.3,641,8.2,0.362,74.5,0
53.5,596,10.1,0.123,110.4,1
88.1,644,13.3,0.196,58.0,1
91.1,646,2.1,0.322,5,0
98.3,474,3.1,0.3,37.3,0
90.5,657,0,0.372,95.4,0
48.3,535,13.0,0.293,136.3,0
72.0,806,10.0,0.443,35.3,0
109.0,693,4.5,0.201,5,1
78.4,604,4.0,0.159,42.6,0
87.0,711,4.4,0.523,80.7,0
90.1,752,0.3,0.524,91.6,0
110.2,745,12.7,0.415,35.1,1
73.4,746,0,0.372,55.8,0
32.9,604,7.0,0.379,90.5,0
58.8,730,7.2,0.276,34.6,0
51.7,704,4.8,0.115,110.2,1
43.1,755,7.7,0.314,54.0,1
72.2,807,4.6,0.02,10.9,1
88.2,744,9.4,0.495,57.2,1
97.9,610,7.4,0.428,137.8,1
147.4,697,3.1,0.386,87.8,1
84.3,541,2.8,0.209,5,0
122.8,594,9.0,0.127,37.3,1
88.0,792,3.5,0.333,69.3,1
39.9,647,4.6,0.057,100.0,0
54.3,655,4.7,0.497,47.8,0
76.4,802,3.9,0.309,21.2,1
91.4,708,5.7,0.262,139.9,0
95.0,701,0.5,0.219,7.4,1
80.2,611,3.2,0.241,98.6,0
87.2,774,6.0,0.435,8.2,0
84.4,650,10.2,0.164,116.9,1
50.1,621,11.7,0.301,23.8,0
90.9,765,0,0.274,43.0,1
75.1,744,1.8,0.261,5,1
107.7,649,0.4,0.595,44.8,0
104.2,714,1.9,0.557,5,0
56.5,667,6.2,0.1,96.2,1
59.3,768,7.7,0.361,19.7,0
84.9,718,5.7,0.09,129.4,1
116.4,847,10.8,0.279,105.2,1
66.5,850,0,0.341,68.9,1
60.9,744,4.9,0.169,26.5,1
30.9,747,0,0.479,14.2,0
125.6,658,11.2,0.323,104.5,1
66.9,754,1.9,0.491,44.8,0
81.5,732,0,0.296,115.1,1
59.3,761,4.2,0.167,98.1,1
50.3,577,8.9,0.225,64.6,0
65.2,706,2.9,0.226,5,1
87.3,707,5.0,0.194,89.8,0
84.9,717,4.2,0.376,118.3,0
29.3,620,4.7,0.447,76.8,0
76.6,650,6.4,0.116,34.0,1
102.0,631,6.9,0.249,14.6,1
52.5,784,4.1,0.212,79.8,1
97.6,736,1.3,0.384,150.2,1
105.7,630,9.3,0.313,149.6,0
90.8,545,0,0.308,15.1,0
20,593,5.9,0.155,114.9,0
132.8,774,0,0.059,81.2,1
53.1,707,0,0.375,74.0,0
113.9,731,2.4,0.424,40.8,0
69.3,686,4.6,0.294,85.5,0
79.9,763,4.8,0.385,55.6,0
32.2,711,5.7,0.144,5,1
86.6,645,5.4,0.219,85.8,0
28.6,587,5.9,0.153,131.3,0
66.3,733,5.9,0.399,37.6,0
94.3,658,3.7,0.351,132.0,0
89.7,613,0,0.368,76.3,0
46.4,706,6.1,0.413,90.4,0
105.1,837,4.7,0.24,81.3,1
34.2,687,5.0,0.195,143.1,0
83.7,608,4.9,0.358,73.0,0
85.0,603,7.3,0.212,187.6,0
21.7,742,0,0.6,154.3,0
48.9,737,8.1,0.271,48.1,0
89.4,726,3.1,0.275,131.6,1
75.8,651,7.6,0.072,49.3,1
59.9,703,9.4,0.549,176.4,0
82.0,632,6.4,0.26,116.8,1
60.5,785,7.6,0.249,34.7,1
44.2,826,12.9,0.352,95.9,1
46.0,755,2.7,0.289,207.4,0
149.8,810,8.5,0.389,197.5,1
59.3,670,0.5,0.197,54.6,1
87.9,655,2.9,0.205,8.0,0
25.6,698,6.6,0.236,86.1,0
95.1,659,6.6,0.326,5,1
92.0,715,7.3,0.461,5,1
57.2,595,0,0.184,82.0,0
36.1,735,0,0.166,207.5,0
67.9,696,5.8,0.372,89.8,0
79.9,634,2.7,0.44,25.2,0
36.8,573,1.1,0.239,98.3,0
60.6,668,3.7,0.502,128.3,0
93.0,641,6.6,0.17,5,0
61.5,616,3.6,0.295,22.9,0
90.2,670,5.6,0.431,138.1,0
57.7,835,3.5,0.42,104.9,1
98.8,609,0,0.471,119.5,0
86.4,632,11.5,0.32,30.6,1
109.4,809,0,0.266,51.8,1
109.9,647,3.7,0.339,123.0,1
32.5,575,5.0,0.231,156.9,0
90.2,629,14.4,0.226,42.8,1
137.5,650,2.9,0.313,81.5,0
74.7,781,1.6,0.552,5,0
103.7,709,9.6,0.475,90.0,0
96.3,661,6.3,0.132,49.5,1
80.8,653,8.1,0.278,104.1,0
70.3,488,7.5,0.406,32.4,0
90.0,682,4.3,0.352,33.2,0
61.5,622,9.7,0.44,58.0,0
140.3,656,3.3,0.38,138.6,0
86.4,655,0,0.333,145.6,0
88.9,550,5.3,0.355,161.6,0
51.9,635,9.0,0.17,159.9,0
37.3,733,7.1,0.227,72.2,0
74.6,775,0,0.41,104.9,0
118.7,765,5.2,0.44,5.3,0
116.5,764,3.7,0.151,110.4,1
20,658,1.0,0.41,5,0
112.7,650,10.0,0.437,22.5,1
